Region,Cumulative Income,Cumulative Population
NCR,5.257718937545548,10
NCR,11.51337913198154,20
NCR,18.566724179178667,30
NCR,26.27611537135144,40
NCR,34.82299644950332,50
NCR,43.98663034930086,60
NCR,54.09475669274798,70
NCR,65.6769481992946,80
NCR,78.4755572369075,90
NCR,99.99999999999996,100
CAR,3.9942769536097793,10
CAR,9.122385440223054,20
CAR,15.005331476244956,30
CAR,21.55800276267405,40
CAR,28.873138925771308,50
CAR,37.20151066996758,60
CAR,46.57046413179204,70
CAR,57.78864905748937,80
CAR,72.3512958165768,90
CAR,100.0,100
REGION I - ILOCOS REGION,4.2016365117979095,10
REGION I - ILOCOS REGION,9.894421375964392,20
REGION I - ILOCOS REGION,16.05772455735564,30
REGION I - ILOCOS REGION,22.909711303874285,40
REGION I - ILOCOS REGION,30.393092030340828,50
REGION I - ILOCOS REGION,38.50040114330231,60
REGION I - ILOCOS REGION,47.454010549857095,70
REGION I - ILOCOS REGION,58.36044205403137,80
REGION I - ILOCOS REGION,72.99274440380043,90
REGION I - ILOCOS REGION,100.0,100
REGION II - CAGAYAN VALLEY,4.607834857238855,10
REGION II - CAGAYAN VALLEY,10.566251809604092,20
REGION II - CAGAYAN VALLEY,17.40915725878132,30
REGION II - CAGAYAN VALLEY,24.649681471614358,40
REGION II - CAGAYAN VALLEY,32.862643398128455,50
REGION II - CAGAYAN VALLEY,42.05416707709024,60
REGION II - CAGAYAN VALLEY,52.106691727084176,70
REGION II - CAGAYAN VALLEY,63.61817675773297,80
REGION II - CAGAYAN VALLEY,77.35558448927236,90
REGION II - CAGAYAN VALLEY,100.0,100
REGION III - CENTRAL LUZON,4.607834857238855,10
REGION III - CENTRAL LUZON,10.566251809604092,20
REGION III - CENTRAL LUZON,17.40915725878132,30
REGION III - CENTRAL LUZON,24.649681471614358,40
REGION III - CENTRAL LUZON,32.862643398128455,50
REGION III - CENTRAL LUZON,42.05416707709024,60
REGION III - CENTRAL LUZON,52.106691727084176,70
REGION III - CENTRAL LUZON,63.61817675773297,80
REGION III - CENTRAL LUZON,77.35558448927236,90
REGION III - CENTRAL LUZON,100.0,100
REGION IVA - CALABARZON,4.159464283345401,10
REGION IVA - CALABARZON,9.646058457466816,20
REGION IVA - CALABARZON,16.022361381086565,30
REGION IVA - CALABARZON,23.405680328483164,40
REGION IVA - CALABARZON,31.44391501679068,50
REGION IVA - CALABARZON,40.615203294982855,60
REGION IVA - CALABARZON,50.79031703017266,70
REGION IVA - CALABARZON,62.54642920987634,80
REGION IVA - CALABARZON,76.28879677802966,90
REGION IVA - CALABARZON,99.99999999999996,100
MIMAROPA,4.1683152838193855,10
MIMAROPA,9.37556576505285,20
MIMAROPA,15.30085274400472,30
MIMAROPA,21.67381463222743,40
MIMAROPA,28.759063823927583,50
MIMAROPA,36.57949247468336,60
MIMAROPA,45.22693823322776,70
MIMAROPA,55.55602828922412,80
MIMAROPA,69.95609588460322,90
MIMAROPA,100.0,100
REGION V - BICOL REGION,4.468144705425605,10
REGION V - BICOL REGION,9.975527999628964,20
REGION V - BICOL REGION,16.268619555466245,30
REGION V - BICOL REGION,22.70899860517545,40
REGION V - BICOL REGION,29.80211853434649,50
REGION V - BICOL REGION,37.55934587603913,60
REGION V - BICOL REGION,46.10292794537326,70
REGION V - BICOL REGION,56.46041653050352,80
REGION V - BICOL REGION,70.72926169667552,90
REGION V - BICOL REGION,100.0,100
REGION VI - WESTERN VISAYAS,4.227990819811142,10
REGION VI - WESTERN VISAYAS,9.579224062049228,20
REGION VI - WESTERN VISAYAS,15.43803679756424,30
REGION VI - WESTERN VISAYAS,21.654231320481685,40
REGION VI - WESTERN VISAYAS,28.51495544320987,50
REGION VI - WESTERN VISAYAS,36.43422208806284,60
REGION VI - WESTERN VISAYAS,45.15808789078402,70
REGION VI - WESTERN VISAYAS,55.529289503154544,80
REGION VI - WESTERN VISAYAS,70.37546066083227,90
REGION VI - WESTERN VISAYAS,100.0,100
REGION VII - CENTRAL VISAYAS,3.429059527658201,10
REGION VII - CENTRAL VISAYAS,7.996838715484733,20
REGION VII - CENTRAL VISAYAS,13.395322966240505,30
REGION VII - CENTRAL VISAYAS,19.644063585743705,40
REGION VII - CENTRAL VISAYAS,26.880456123713664,50
REGION VII - CENTRAL VISAYAS,34.70531783934672,60
REGION VII - CENTRAL VISAYAS,43.97724349897697,70
REGION VII - CENTRAL VISAYAS,55.356814538943375,80
REGION VII - CENTRAL VISAYAS,70.53988709642152,90
REGION VII - CENTRAL VISAYAS,100.0,100
REGION VIII - EASTERN VISAYAS,4.144029391725756,10
REGION VIII - EASTERN VISAYAS,9.227470741220008,20
REGION VIII - EASTERN VISAYAS,14.860993786447056,30
REGION VIII - EASTERN VISAYAS,20.98193136018729,40
REGION VIII - EASTERN VISAYAS,27.588780060503577,50
REGION VIII - EASTERN VISAYAS,34.9681739977847,60
REGION VIII - EASTERN VISAYAS,43.33263755601172,70
REGION VIII - EASTERN VISAYAS,53.61847784112644,80
REGION VIII - EASTERN VISAYAS,68.22804762632082,90
REGION VIII - EASTERN VISAYAS,100.0,100
REGION IX - ZAMBOANGA PENINSULA,4.135415950566844,10
REGION IX - ZAMBOANGA PENINSULA,9.28946502225698,20
REGION IX - ZAMBOANGA PENINSULA,15.301903849953993,30
REGION IX - ZAMBOANGA PENINSULA,21.6903196535376,40
REGION IX - ZAMBOANGA PENINSULA,28.84292842376733,50
REGION IX - ZAMBOANGA PENINSULA,36.70561578544321,60
REGION IX - ZAMBOANGA PENINSULA,45.25942157255568,70
REGION IX - ZAMBOANGA PENINSULA,55.52138251298375,80
REGION IX - ZAMBOANGA PENINSULA,69.39325838818358,90
REGION IX - ZAMBOANGA PENINSULA,100.0,100
REGION X - NORTHERN MINDANAO,4.100301422703552,10
REGION X - NORTHERN MINDANAO,9.319121454067318,20
REGION X - NORTHERN MINDANAO,15.199096877518636,30
REGION X - NORTHERN MINDANAO,21.51745116729696,40
REGION X - NORTHERN MINDANAO,28.715666572181952,50
REGION X - NORTHERN MINDANAO,36.71694010461683,60
REGION X - NORTHERN MINDANAO,45.79352420060407,70
REGION X - NORTHERN MINDANAO,56.5454791151526,80
REGION X - NORTHERN MINDANAO,70.37258817666785,90
REGION X - NORTHERN MINDANAO,100.0,100
REGION XI - DAVAO REGION,4.100301422703552,10
REGION XI - DAVAO REGION,9.319121454067318,20
REGION XI - DAVAO REGION,15.199096877518636,30
REGION XI - DAVAO REGION,21.51745116729696,40
REGION XI - DAVAO REGION,28.715666572181952,50
REGION XI - DAVAO REGION,36.71694010461683,60
REGION XI - DAVAO REGION,45.79352420060407,70
REGION XI - DAVAO REGION,56.5454791151526,80
REGION XI - DAVAO REGION,70.37258817666785,90
REGION XI - DAVAO REGION,100.0,100
REGION XII - SOCCSKSARGEN,3.998771957471447,10
REGION XII - SOCCSKSARGEN,8.8958548334136,20
REGION XII - SOCCSKSARGEN,14.64065389765848,30
REGION XII - SOCCSKSARGEN,20.963747617681257,40
REGION XII - SOCCSKSARGEN,28.00397109965116,50
REGION XII - SOCCSKSARGEN,35.79212082852794,60
REGION XII - SOCCSKSARGEN,44.56462008344314,70
REGION XII - SOCCSKSARGEN,55.49066444882968,80
REGION XII - SOCCSKSARGEN,69.2168210725991,90
REGION XII - SOCCSKSARGEN,100.0,100
REGION XIII - CARAGA,4.082106194192922,10
REGION XIII - CARAGA,9.04176717201849,20
REGION XIII - CARAGA,14.403220416392152,30
REGION XIII - CARAGA,20.297944474855846,40
REGION XIII - CARAGA,26.810395802045072,50
REGION XIII - CARAGA,34.16378763380463,60
REGION XIII - CARAGA,42.43365802576917,70
REGION XIII - CARAGA,52.1862800893456,80
REGION XIII - CARAGA,66.56943863050056,90
REGION XIII - CARAGA,100.00000000000004,100
BARMM,5.89274427839656,10
BARMM,13.048878613148162,20
BARMM,21.060973685172076,30
BARMM,30.080214007676236,40
BARMM,39.52697990918202,50
BARMM,49.40062613260112,60
BARMM,59.8857273019158,70
BARMM,70.48508562095111,80
BARMM,82.0617207840418,90
BARMM,100.0,100
